<?xml version="1.0" encoding="UTF-8"?>
<beans xmlns="http://www.springframework.org/schema/beans"
       xmlns:xsi="http://www.w3.org/2001/XMLSchema-instance"
       xsi:schemaLocation="http://www.springframework.org/schema/beans
       http://www.springframework.org/schema/beans/spring-beans.xsd">

    <!-- View Resolver -->
    <bean class="org.springframework.web.servlet.view.InternalResourceViewResolver">
        <property name="prefix" value="pmvc/" />
        <property name="suffix" value=".jsp" />
    </bean>
    
    <!-- DataSource Configuration -->
    <bean id="db" class="org.springframework.jdbc.datasource.DriverManagerDataSource">    
        <property name="driverClassName" value="com.mysql.cj.jdbc.Driver"/>
        <property name="url" value="jdbc:mysql://localhost:3306/FIL_DB123"/>
        <property name="username" value="root"/>
        <property name="password" value="anand"/>
    </bean>    
    
    <!-- JdbcTemplate Bean -->
    <bean id="jt" class="org.springframework.jdbc.core.JdbcTemplate">    
        <property name="dataSource" ref="db"/>
    </bean>    
    
    <!-- StudentDao Bean (Ensure Package Name Matches Your Java Class) -->
    <bean id="dao" class="com.springmvc.pmvc.dao.Studentdao">    
        <property name="jdbcTemplate" ref="jt"/>
    </bean>

</beans>
